date,rate,HaNoi,TPHoChiMinh,HaiPhong,DaNang,HaGiang,CaoBang,LaiChau,LaoCai,TuyenQuang,LangSon,BacKan,ThaiNguyen,YenBai,SonLa,PhuTho,VinhPhuc,QuangNinh,BacGiang,BacNinh,HaGiang,HungYen,HoaBinh,HaNam,NamDinh,ThaiBinh,NinhBinh,ThanhHoa,NgheAn,HaTinh,QuangBinh,QuangTri,ThuaThienHue,QuangNam,QuangNgai,KonTum,BinhDinh,GiaLai,PhuYen,DakLak,KhanhHoa,LamDong,BinhPhuoc,BinhDuong,NinhThuan,TayNinh,BinhThuan,QuangNgai,LongAn,DongThap,AnGiang,BaRiaVungTau,TienGian,KienGian,CanTho,BenTre,VinhLong,TraVinh,SocTrang,BacLieu,CaMau,DienBien,DakNong,HauGiang
1/11/2021,0.019800084,0.007678319,0.038840278,0,0.01918509,0,#DIV/0!,0,0,0,0.004444444,0,0,0,0,0,0.010273973,0,0.002174277,0.007102273,0.001010101,0.002597403,0,0,0,0,0,0.006457565,0.008149959,0.009259259,0.003113648,0.004032258,0.009409752,0.008236102,0.008525149,0,0.01019796,0.002906977,0.012241055,0.005924463,0.009836066,0.003710575,0.008426966,0.010411496,0.022145329,0.014262934,0.011771097,0.008244321,0.014118388,0.022690273,0.011989543,0.010477534,0.024086883,0.00162941,0.016776678,0.020942408,0.016819013,0.007939247,0.010051282,0.009491904,9.13E-05,0,0.007430998,0.002147459
2/11/2021,0.019775627,0.007592408,0.038850748,0,0.0191501,0,#DIV/0!,0,0,0,0.004444444,0,0,0,0,0,0.010169492,0,0.002168112,0.006735519,0.001006036,0.002583979,0,0,0,0,0,0.006200177,0.008032129,0.009225092,0.003102378,0.004032258,0.009329941,0.008174387,0.008525149,0,0.009958992,0.002787068,0.012241055,0.006051803,0.009917175,0.003577818,0.008365867,0.010457895,0.020860495,0.014186882,0.011431586,0.008198669,0.014157271,0.022482105,0.0121855,0.010337972,0.023915128,0.001702642,0.016716096,0.02055336,0.016517056,0.007759784,0.009722222,0.008722422,9.13E-05,0,0.007345226,0.002079002
3/11/2021,0.019727614,0.007478843,0.038854758,0,0.01913614,0,#DIV/0!,0,0,0,0.004347826,0,0,0,0,0,0.010135135,0,0.002156603,0.006593407,0.000995025,0.00257732,0,0,0,0,0,0.006044905,0.007968127,0.009208103,0.003089598,0.003944773,0.009060956,0.007702182,0.008525149,0,0.009675583,0.002718869,0.012202753,0.005911563,0.00988808,0.003466205,0.00805153,0.010478794,0.013370035,0.013856813,0.011336311,0.00814855,0.01416624,0.022264377,0.012117075,0.010367762,0.023799657,0.001739258,0.016908851,0.020139427,0.016479663,0.007666667,0.009363654,0.008595989,9.13E-05,0,0.007268951,0.002022927
4/11/2021,0.01967475,0.007527504,0.038831385,0,0.019090909,0,#DIV/0!,0,0,0,0.004347826,0,0,0,0,0,0.010067114,0,0.002132546,0.006448839,0.000990099,0.002415459,0,0,0,0,0,0.005862647,0.007968127,0.009140768,0.003083248,0.003944773,0.008870968,0.0075,0.008525149,0,0.009486607,0.00267666,0.012183693,0.005857175,0.009851683,0.003466205,0.007832898,0.010491776,0.013353682,0.013578074,0.010970745,0.008081305,0.014151477,0.022050826,0.011735537,0.010172745,0.023609654,0.001775874,0.016761217,0.020139427,0.016057397,0.008005123,0.00902228,0.008834766,9.13E-05,0,0.007142857,0.001963351
5/11/2021,0.019621597,0.007397572,0.038825819,0,0.019042437,0,0,0,0,0,0.004291845,0,0,0,0,0,0.010067114,0,0.002117609,0.006323777,0.000986193,0.004587156,0,0,0,0,0,0.005631537,0.007809449,0.008928571,0.003076923,0.003913894,0.008821171,0.007393715,0.008525149,0,0.009392265,0.00254842,0.012172285,0.00590293,0.009804978,0.003294893,0.007418398,0.010476504,0.013452915,0.013321347,0.010452962,0.00798574,0.014236581,0.021694717,0.012069379,0.01003028,0.023581344,0.001830798,0.016341923,0.019835329,0.015568069,0.007790589,0.009246088,0.008376289,9.13E-05,0,0.006628788,0.003170577
6/11/2021,0.019557708,0.007238307,0.038811367,0,0.01897019,0,0,0,0,0,0.004098361,0,0,0,0,0,0.00955414,0,0.002102539,0.006185567,0.000976563,0.004424779,0,0,0,0,0,0.00546875,0.007665772,0.008680556,0.003056546,0.003913894,0.008227375,0.007272727,0.008525149,0,0.009884679,0.002469136,0.012168487,0.0058102,0.009752438,0.004731861,0.007418398,0.010456973,0.013211009,0.013036871,0.01027765,0.007920236,0.014207896,0.021475613,0.011614491,0.009851301,0.02327181,0.001922338,0.016061795,0.019230769,0.01508344,0.007617307,0.009095589,0.00833164,0.000104295,0,0.006628788,0.003170577
7/11/2021,0.018761348,0.007142857,0.038792639,0,0.018908698,0,0,0,0,0,0.004098361,0,0,0,0,0,0.009463722,0,0.002079002,0.006058158,0.00096432,0.004319654,0,0,0,0,0,0.005283019,0.007521625,0.008375209,0.003036437,0.003875969,0.008052709,0.007237636,0.009377664,0,0.009641136,0.002434275,0.012119329,0.005627345,0.009690129,0.004587156,0.007022472,0.008786362,0.01298233,0.012639578,0.010002942,0.007838575,0.01416058,0.020899127,0.011617516,0.009584087,0.023191357,0.001958954,0.01577815,0.018794326,0.014488286,0.007447125,0.008903545,0.009197164,0.000104295,0,0.007272727,0.003061849
8/11/2021,0.018702582,0.007000539,0.038755912,0,0.01883746,0,0,0,0,0,0.004098361,0,0,0,0,0,0.009202454,0,0.002060548,0.005896226,0.000954198,0.004158004,0,0,0,0,0,0.005177515,0.00736106,0.008143322,0.002991027,0.003875969,0.007971014,0.007177033,0.009377664,0,0.009389671,0.002366304,0.012093023,0.005678361,0.009713863,0.004392387,0.007223476,0.008789063,0.012743363,0.01245283,0.009624912,0.007885099,0.014106889,0.020239273,0.011318862,0.009332629,0.022688285,0.001995569,0.015566479,0.018345448,0.013852048,0.007335681,0.009068425,0.008994126,0.000104295,0,0.006896552,0.003556609
9/11/2021,0.018659366,0.006850488,0.038729784,0,0.018729932,0,0,0,0,0,0.004098361,0,0,0,0,0,0.008797654,0,0.002050473,0.005791506,0.00095057,0.004016064,0,0,0,0,0,0.005087209,0.007228045,0.008103728,0.002988048,0.003831418,0.007790368,0.007013442,0.009377664,0,0.009081736,0.002318034,0.012055641,0.005460218,0.009613375,0.0056899,0.006887645,0.00880855,0.012526096,0.01252687,0.009395425,0.007827366,0.014153829,0.019659012,0.011366768,0.009257672,0.022540759,0.002087109,0.015619616,0.018033345,0.013532563,0.00696767,0.008437547,0.009330986,0.000104295,0,0.006896552,0.004011461
10/11/2021,0.018612852,0.006757898,0.038703031,0,0.018643466,0,0,0,0,0,0.003952569,0,0,0,0,0,0.008695652,0,0.002038896,0.005740528,0.000934579,0.003838772,0,0,0,0,0,0.004968062,0.007097232,0.007564297,0.002968827,0.003752345,0.007757405,0.006936416,0.009377664,0,0.008906482,0.002254283,0.011996309,0.005650782,0.009595543,0.0056899,0.006519967,0.008822933,0.012311902,0.01227919,0.00917311,0.00777883,0.014212889,0.019201359,0.011292262,0.008964143,0.022276963,0.002123725,0.015487226,0.017514871,0.013228942,0.006826871,0.008074982,0.009299966,0.000104295,0,0.006688963,0.003871681
11/11/2021,0.021985489,0.006586531,0.038685198,0,0.018600531,0,0,0,0,0,0.003663004,0,0,0,0,0,0.008571429,0,0.002030615,0.005594927,0.000912409,0.003738318,0,0,0,0,0,0.004801097,0.007368421,0.007462687,0.002946955,0.003629764,0.007539411,0.006829824,0.013002364,0,0.009117083,0.002211411,0.011937557,0.00566624,0.009470468,0.005284016,0.006245121,0.008824936,0.012166272,0.01193252,0.009150991,0.007762563,0.014327518,0.018726283,0.011181801,0.008839417,0.021947515,0.008767406,0.015616223,0.017475728,0.012943308,0.006608512,0.008219178,0.009347301,0.004444444,0,0.006369427,0.003731343
12/11/2021,0.021874541,0.006401024,0.038658757,0,0.018489171,0.000471476,0,0,0,0,0.003623188,0,0,0,0,0,0.008498584,0,0.002017381,0.005494505,0.000888099,0.003616637,0,0,0,0,0,0.005351171,0.007594063,0.007267442,0.002899952,0.003448276,0.007318696,0.006659267,0.012443439,0,0.008874358,0.002189142,0.011908397,0.006214586,0.009309309,0.004932182,0.006012777,0.008822249,0.011976048,0.011722631,0.008828939,0.007693311,0.014394231,0.018232707,0.010849464,0.008749602,0.021495564,0.008800801,0.0154202,0.017013233,0.012056909,0.00672182,0.007880547,0.009601982,0.004406428,0,0.006079027,0.003540718
13/11/2021,0.021786548,0.006249024,0.038636353,0,0.018404908,0.000459137,0,0,0,0,0.003623188,0,0,0,0,0,0.008379888,0,0.002005554,0.005424955,0.00087184,0.003571429,0,0,0,0,0,0.005245902,0.007340674,0.007022472,0.002887392,0.003361345,0.006970849,0.006560962,0.011969532,0,0.00838112,0.002156102,0.011846902,0.006074683,0.009118541,0.004587156,0.005596362,0.008830705,0.01182266,0.011789447,0.009367397,0.007658234,0.014417928,0.017741438,0.01085336,0.008448541,0.021363478,0.008688281,0.015720524,0.016498625,0.011489074,0.006519559,0.007836366,0.00993228,0.00411722,0,0.005904059,0.003424658
14/11/2021,0.021683346,0.006318385,0.038600233,0,0.018347021,0.000895255,0,0,0,0,0.003508772,0,0,0,0,0,0.008379888,0,0.001992948,0.005362889,0.00087184,0.003571429,0,0,0,0,0,0.005089059,0.007234462,0.007012623,0.002847651,0.003174603,0.006582885,0.006410256,0.011482255,0,0.008271659,0.002123142,0.011789601,0.006008584,0.008935434,0.004587156,0.005257969,0.008828966,0.012329656,0.011794808,0.009197811,0.007604952,0.01438041,0.017285244,0.010765002,0.008191838,0.021533118,0.00907768,0.015688803,0.016018985,0.011000635,0.006307618,0.007537046,0.00982943,0.003888381,0,0.005685856,0.003312825
15/11/2021,0.021603232,0.006093936,0.038600302,0,0.018241835,0.000850702,0,0,0,0,0.003401361,0,0,0,0,0,0.008196721,0,0.001981405,0.00523195,0.000838926,0.003436426,0,0,0,0,0,0.005021971,0.007234462,0.006784261,0.002831524,0.003174603,0.006278539,0.00627287,0.011122346,0,0.008078231,0.00210084,0.011704682,0.006180258,0.008841145,0.004255319,0.00495356,0.008841289,0.012816405,0.011503945,0.008845594,0.007589144,0.014518066,0.016949153,0.010924741,0.008270459,0.021302348,0.009281843,0.015904994,0.015602427,0.010366826,0.006045106,0.007254396,0.009700665,0.003706126,0,0.005486968,0.003181818
16/11/2021,0.021479119,0.00595411,0.038576438,0,0.018134715,0.000808734,0,0,0,0,0.00330033,0,0,0,0,0,0.00795756,0,0.00196345,0.005088195,0.000819001,0.003384095,0,0,0,0,0,0.004863222,0.00690521,0.00672043,0.002807674,0.003067485,0.006037322,0.006079027,0.010773751,0,0.007916667,0.002469136,0.011666168,0.00608828,0.008810573,0.00390625,0.004666083,0.008846929,0.012674271,0.011222955,0.008217256,0.007591808,0.014641846,0.016691421,0.010802967,0.007925473,0.020725875,0.009215062,0.015642924,0.015085025,0.00998681,0.005784205,0.007196791,0.010074231,0.004465192,0,0.005326232,0.003484321
17/11/2021,0.021347065,0.005912162,0.038519375,0,0.018019564,0.000767165,0,0,0,0,0.00330033,0,0,0,0,0,0.007731959,0,0.001940299,0.004909984,0.000768049,0.00331675,0,0,0,0,0,0.004778973,0.006742262,0.006596306,0.002770083,0.002998501,0.005735141,0.005870841,0.010406812,0,0.007639727,0.002469136,0.011620977,0.005900672,0.00869324,0.00390625,0.004388371,0.008869959,0.012539185,0.011210508,0.008024455,0.007528764,0.014689541,0.016201805,0.01087127,0.007611549,0.020226982,0.008979328,0.015718101,0.014375327,0.009648026,0.005595008,0.007239819,0.009914834,0.004263566,0,0.005215124,0.00334728
18/11/2021,0.021273626,0.0057487,0.038474962,0,0.017939518,0.00070373,0,0,0,0,0.003236246,0,0,0,0,0,0.006756757,0,0.001926211,0.004787743,0.000758725,0.003262643,0,0,0,0,0,0.004651163,0.007521059,0.006337136,0.002744739,0.00297619,0.005475361,0.005668399,0.009927798,0,0.007395874,0.002401922,0.011535049,0.005788712,0.008586043,0.00357462,0.004172099,0.00889717,0.012673879,0.010987209,0.007962226,0.007553582,0.014819222,0.015650796,0.011709006,0.007338308,0.01988965,0.009820071,0.015713706,0.014214464,0.009643038,0.005990498,0.007187194,0.010145459,0.004136894,0,0.005079365,0.003184713
19/11/2021,0.021183368,0.005531411,0.03848268,0,0.01786018,0.000683761,0,0,0,0,0.003174603,0,0,0,0,0,0.006302521,0,0.001919953,0.00467581,0.000747384,0.003220612,0,0,0,0,0,0.004532578,0.007301402,0.006337136,0.002724796,0.002849003,0.005260641,0.005507113,0.009573542,0,0.007607455,0.002360346,0.011497642,0.005788712,0.008466943,0.004170142,0.004230961,0.008894148,0.012522908,0.01074472,0.00787754,0.007657119,0.014801434,0.015269614,0.011495402,0.006954267,0.020082254,0.009757007,0.015527643,0.013662512,0.009172836,0.005759682,0.006904488,0.010109226,0.003937008,0,0.004962779,0.003036053
20/11/2021,0.021099114,0.005493804,0.038486544,0,0.017727503,0.000664673,0,0,0,0,0.00310559,0,0,0,0,0,0.005671078,0,0.001907557,0.004537205,0.00074129,0.0032,0,0,0,0,0,0.00603401,0.007163324,0.006242197,0.002694207,0.002713704,0.005029721,0.005407841,0.009235936,0,0.007434944,0.002268431,0.011430246,0.005603985,0.008348135,0.003831418,0.003977539,0.008873786,0.012932331,0.010625129,0.007946105,0.007684589,0.014864393,0.014968764,0.011997836,0.006663655,0.020044158,0.009916141,0.015612878,0.013246572,0.009219422,0.005643341,0.006834171,0.010054742,0.004047218,0,0.004711425,0.002833865
21/11/2021,0.02098264,0.005346264,0.038379183,0,0.01761745,0.000638978,0,0,0,0,0.003030303,0,0,0,0,0,0.004761905,0,0.001888711,0.004383402,0.000722543,0.003154574,0,0,0,0,0,0.005920344,0.006996921,0.006009615,0.002644337,0.002663116,0.004770165,0.00508044,0.009693053,0,0.007109847,0.002257336,0.011403509,0.005603985,0.008223972,0.003597122,0.003838338,0.008904306,0.012786203,0.010657642,0.007870102,0.007713238,0.015041828,0.014632684,0.0121969,0.006279936,0.020178986,0.010001198,0.015676335,0.012602255,0.009092242,0.005380201,0.006957194,0.010099925,0.004012841,0,0.004624277,0.00265252
22/11/2021,0.020758168,0.005178851,0.038488249,0,0.017523364,0.000607718,0,0,0,0,0.003030303,0,0,0,0,0,0.004484305,0,0.00202928,0.004163197,0.000713776,0.003076923,0,0,0,0,0,0.005744125,0.007136975,0.005800464,0.002644337,0.002574003,0.004551096,0.004914005,0.00096907,0,0.006828269,0.002912268,0.011297798,0.005462822,0.008104846,0.003937008,0.00361241,0.008907283,0.012565751,0.010460662,0.007716422,0.00771292,0.015222858,0.014317309,0.01301508,0.006024096,0.020412539,0.010284296,0.015462996,0.011995863,0.008981196,0.005192108,0.006978692,0.010108303,0.004017305,0,0.004471772,0.002803738
23/11/2021,0.020216764,0.005021605,0.038522574,0,0.017335315,0.000593472,0,0,0,0,0.002941176,0,0,0,0,0,0.00405954,0,0.002022245,0.004051864,0.000704225,0.003003003,0,0,0,0,0,0.005592272,0.006961178,0.005592841,0.002591793,0.002525253,0.004268529,0.004729996,0.001044344,0,0.006578947,0.00286533,0.011133314,0.00540135,0.007986406,0.004405286,0.003259827,0.008151348,0.012647312,0.010447476,0.007422298,0.00779199,0.015403886,0.014005287,0.014142465,0.005807864,0.02052836,0.010481209,0.015595217,0.011769321,0.008779976,0.005104561,0.006910788,0.009735471,0.004312909,0,0.004336043,0.002643172
24/11/2021,0.020124343,0.004865905,0.038517816,0,0.017165277,0.000878735,0,0,0,0,0.002941176,0,0,0,0,0,0.003440367,0,0.002016419,0.00380421,0.000692521,0.002967359,0,0,0,0,0,0.005326877,0.006723558,0.005458515,0.002591793,0.00241838,0.004136894,0.004555809,0.001040166,0,0.006303183,0.002835874,0.011029412,0.005427607,0.007947796,0.00433974,0.003358209,0.008180225,0.012762337,0.010222877,0.00731125,0.007869141,0.0154202,0.013692676,0.014022417,0.005500947,0.020475927,0.010545413,0.014868378,0.011115228,0.008258351,0.005178908,0.00700268,0.009540002,0.004893495,0,0.004125838,0.002775465
25/11/2021,0.02005603,0.004724756,0.038494017,0,0.016982048,0.000845309,0,0,0,0,0.002832861,0,0,0,0,0,0.003239741,0,0.002010628,0.003690037,0.000690131,0.002911208,0,0,0,0,0,0.005154639,0.006524467,0.005307856,0.002493766,0.003516999,0.00399274,0.004402054,0.001116695,0,0.006002401,0.002712784,0.010955056,0.005499276,0.007905138,0.003787879,0.003156787,0.008206345,0.012647555,0.010268316,0.007243228,0.007913227,0.015666835,0.013411876,0.014695656,0.005277943,0.020962141,0.010867757,0.014637137,0.010346611,0.008484426,0.00510051,0.007135153,0.009282399,0.004699378,0,0.003984064,0.002863092
26/11/2021,0.0199539,0.004596964,0.038453617,0,0.016733068,0.000812568,0,0,0,0,0.002518892,0,0,0,0,0,0.003036437,0,0.002006018,0.003556188,0.000686342,0.002724796,0,0,0,0,0,0.005025126,0.006582155,0.005202914,0.002465078,0.003296703,0.003835425,0.004253811,0.001109614,0,0.005773672,0.002693603,0.01086351,0.005640953,0.00776699,0.003571429,0.003013561,0.008194624,0.012538312,0.010366965,0.007551391,0.00792028,0.015715117,0.013204854,0.015028691,0.005080645,0.021401188,0.011000921,0.013910799,0.00968254,0.008424508,0.005017921,0.007253308,0.009090909,0.004599816,0,0.003809524,0.002696078
27/11/2021,0.020649838,0.004449503,0.038429477,0,0.016558902,0.001037075,0,0,0,0,0.004705882,0,0,0,0,0,0.002747253,0,0.002003434,0.003673938,0.000668449,0.002645503,0,0,0,0,0,0.004901961,0.00638902,0.005159959,0.002438033,0.003211991,0.003698722,0.004166667,0.005309063,0,0.005462988,0.002598246,0.010755654,0.005781977,0.007857766,0.003303445,0.003272251,0.009528806,0.012379642,0.007754102,0.00760226,0.007914551,0.015960113,0.013589916,0.015258953,0.004810262,0.021627965,0.010752119,0.013355705,0.009291698,0.007955367,0.004792551,0.007310504,0.009316267,0.004358112,0,0.003661327,0.002747882
28/11/2021,0.020585308,0.004325521,0.03844266,0,0.016388325,0.001014713,0,0,0,0,0.004705882,0,0,0,0,0,0.002608696,0,0.002000286,0.003524229,0.000650618,0.002554278,0,0,0,0,0,0.00475162,0.006750466,0.00483559,0.002417405,0.003125,0.003536977,0.004076087,0.005247376,0,0.005448884,0.00252605,0.01068786,0.00586101,0.007777864,0.003108348,0.002983739,0.00955117,0.012188516,0.007773358,0.007825637,0.00807256,0.016286045,0.013486991,0.01560208,0.004622835,0.021738225,0.011025415,0.013109795,0.009030619,0.007824726,0.005203341,0.007239953,0.009411948,0.004632929,0,0.003544528,0.002574555
29/11/2021,0.020469693,0.004195122,0.038137019,0,0.016281594,0.000951249,0,0,0,0,0.004454343,0,0,0,0,0,0.002491694,0,0.001997147,0.003418073,0.000622278,0.00240096,0,0,0,0,0,0.004528613,0.006547753,0.004757374,0.00232378,0.003003003,0.003424658,0.003862247,0.005510654,0,0.005145798,0.002491436,0.010606473,0.005729877,0.007639362,0.002879473,0.002759001,0.009604119,0.012006403,0.009269337,0.007574824,0.008171027,0.01654648,0.01275724,0.015714099,0.004361673,0.021538462,0.011126846,0.012991657,0.00895158,0.008066011,0.005063932,0.006927127,0.009165425,0.004748982,0,0.003833049,0.002613065
30/11/2021,0.020398106,0.004049346,0.038140909,0,0.016094421,0.000936768,0,0,0,0,0.004264392,0,0,0,0,0,0.002421308,0,0.001995155,0.003357113,0.000599161,0.002350176,0,0,0.000641437,0,0,0.004368546,0.006417349,0.004428698,0.00230858,0.002898551,0.003302312,0.003804692,0.005370569,0,0.005390204,0.002415459,0.010481053,0.00562249,0.0076634,0.002659574,0.002594707,0.009674928,0.011814124,0.00927828,0.007724302,0.008248935,0.016668847,0.012771739,0.016203206,0.004116571,0.021606426,0.011535796,0.01328754,0.008832565,0.007748525,0.004960317,0.006732673,0.009099377,0.004880165,0,0.003640777,0.002661091
1/12/2021,0.020314317,0.003968612,0.038134724,0,0.015853843,0.000922084,0,0,0,0,0.004081633,0,0,0,0,0.000506329,0.002371542,0,0.001992032,0.003284072,0.00058309,0.002178649,0,0,0.000620732,0,0,0.004195271,0.006308462,0.004310345,0.002663623,0.002851711,0.003168203,0.003738318,0.005276117,0,0.005332148,0.002381661,0.010339343,0.005376344,0.007534443,0.002452698,0.002432202,0.009720131,0.011583012,0.009486589,0.007694958,0.008440308,0.016789827,0.012736888,0.016800647,0.00392279,0.021603706,0.011897277,0.012906667,0.008625926,0.007620164,0.00493738,0.006538002,0.009192841,0.004831414,0,0.003523884,0.002521614
2/12/2021,0.020253289,0.003883998,0.038144675,0,0.015659955,0.001121579,0,0,0,0,0.003853565,0,0,0,0,0.000501253,0.002327386,0,0.001986661,0.003221909,0.000570125,0.002055498,0,0,0.000597372,0,0,0.004048583,0.006215174,0.004310345,0.002648505,0.002811621,0.003041194,0.003663004,0.005206526,0,0.005139186,0.002953337,0.010220126,0.005336722,0.007464248,0.002622091,0.002415181,0.009737693,0.011383759,0.009509852,0.007646796,0.008678117,0.017090454,0.012663118,0.016819443,0.003833024,0.021770164,0.012332796,0.01307322,0.008239872,0.007259094,0.005055255,0.006544974,0.009292304,0.004597027,0,0.003409091,0.002393981
3/12/2021,0.020178003,0.003797366,0.038167698,0,0.01538687,0.001310616,0,0,0,0,0.003853565,0,0,0,0,0.000490196,0.002257336,0,0.001979358,0.003141567,0.000559284,0.001996008,0.001848429,0,0.000584112,0,0,0.003942652,0.006042926,0.004142502,0.002632569,0.002811621,0.002408583,0.003586372,0.005136986,0,0.004924087,0.002912056,0.010121983,0.005223231,0.007237065,0.00285805,0.002398604,0.00978021,0.011400248,0.009655698,0.007679412,0.008877473,0.017248545,0.012508367,0.017285079,0.00370864,0.022064338,0.012504666,0.013081045,0.007734451,0.007557252,0.004868659,0.006420178,0.009285479,0.004573882,0,0.003599712,0.002483444
4/12/2021,0.020116634,0.003662718,0.038170961,0,0.015155889,0.001271725,0,0,0,0,0.003853565,0,0,0,0,0.000478698,0.002184996,0.001078749,0.001973777,0.003069839,0.000542594,0.001874414,0.001782531,0,0.000571102,0,0,0.003802281,0.005967078,0.004068348,0.002608048,0.002722323,0.002243982,0.003524229,0.005741304,0,0.004727201,0.002767017,0.009987196,0.005319807,0.007212169,0.00285805,0.002362852,0.009832613,0.011189492,0.009420222,0.007637182,0.008991334,0.017544769,0.012434768,0.017878378,0.003691482,0.022314438,0.0125399,0.013170619,0.007248535,0.007617931,0.004927187,0.006706793,0.009269841,0.004343587,0,0.003455425,0.002844501
5/12/2021,0.02004868,0.003551727,0.038187767,0,0.014987154,0.001230012,0.005128205,0,0,0,0.003773585,0,0,0,0,0.000937207,0.002132196,0.001011122,0.001970443,0.003004695,0.000517866,0.001774623,0.001712329,0,0.000556174,0,0,0.003682625,0.005967078,0.004032258,0.002583979,0.002712477,0.00230459,0.003460208,0.00591716,0,0.004541326,0.002721088,0.009908537,0.005319807,0.007062416,0.002783792,0.002334403,0.009851992,0.010989011,0.009799474,0.007589173,0.009089691,0.017503943,0.012332461,0.0183935,0.003711873,0.022479749,0.013080093,0.012824441,0.007008691,0.007748662,0.004922418,0.006750823,0.009103295,0.004520256,0,0.003337784,0.002717802
6/12/2021,0.020063985,0.003400868,0.038272958,0,0.014987154,0.001230012,0.005128205,0,0,0,0.003773585,0,0,0,0,0.000937207,0.002132196,0.001011122,0.001970443,0.003004695,0.000517866,0.001774623,0.001712329,0,0.000556174,0,0,0.003682625,0.005967078,0.004032258,0.002583979,0.002712477,0.00230459,0.003460208,0.00591716,0,0.004541326,0.002721088,0.009908537,0.005319807,0.006922126,0.002783792,0.002334403,0.009844166,0.010989011,0.009964035,0.007654321,0.009214333,0.018024755,0.012156061,0.018738538,0.003758221,0.022655831,0.013222849,0.012980529,0.007008691,0.007467246,0.004922418,0.006732236,0.009020386,0.004520256,0,0.003337784,0.002717802
7/12/2021,0.019951712,0.003228687,0.038306276,0,0.014576458,0.001184834,0.004926108,0,0,0,0.003546099,0,0,0,0,0.000909504,0.002001334,0.000972763,0.001962433,0.002831357,0.000497265,0.001623377,0.001589825,0,0.001062699,0,0,0.003789075,0.00575511,0.003937008,0.00286944,0.003451251,0.002150538,0.003350084,0.006041335,0,0.004327563,0.002522704,0.009857072,0.005186844,0.006720269,0.003107345,0.002076484,0.009958658,0.010662958,0.010117559,0.007933399,0.009386234,0.018243574,0.012063134,0.019246664,0.003664309,0.022894119,0.013352533,0.012793776,0.006418377,0.007601573,0.005166418,0.00662989,0.009083983,0.004468757,0,0.00309119,0.002497572
8/12/2021,0.019906389,0.003210058,0.038325959,0.000581734,0.014245397,0.001159869,0.004854369,0,0,0,0.003546099,0,0,0,0,0.000895656,0.001953125,0.000922509,0.00195558,0.002747253,0.000486618,0.001531394,0.00312989,0,0.001029866,0,0,0.003544005,0.005729565,0.003937008,0.002839901,0.00341006,0.0020895,0.003288572,0.005957981,0,0.004165332,0.002439619,0.00969697,0.005304727,0.006645293,0.003762429,0.002112962,0.010002311,0.01045217,0.01017776,0.007929601,0.009559237,0.018567026,0.011743186,0.020010901,0.003665544,0.023192309,0.013625262,0.012846544,0.00612034,0.008172315,0.005234107,0.006572541,0.008856637,0.004521868,0,0.002998501,0.002414487
9/12/2021,0.019870737,0.003106181,0.038343134,0.001125492,0.013908936,0.001145257,0.004830918,0,0,0,0.003262643,0,0,0,0,0.000890076,0.001892744,0.000899281,0.001950132,0.00284376,0.000486618,0.001481481,0.003030303,0,0.00100452,0,0,0.003684807,0.005581395,0.003849115,0.002729444,0.003404255,0.002036314,0.003185559,0.005919003,0,0.004098983,0.002333178,0.009926731,0.005568182,0.00651595,0.004070211,0.002009895,0.010044631,0.010467706,0.010447149,0.008074148,0.009660351,0.018734463,0.012043471,0.021203725,0.003708163,0.023149335,0.013909441,0.012899543,0.006260498,0.008377668,0.005091178,0.006563833,0.008757251,0.004363125,0,0.002950723,0.002716688
10/12/2021,0.019813678,0.003046366,0.038371336,0.001021972,0.013556721,0.00112507,0.004830918,0,0,0,0.002994012,0,0,0,0,0.000884173,0.00183711,0.000877193,0.001947149,0.002775963,0.000463822,0.001338688,0.002824859,0,0.000987654,0,0,0.003494624,0.005455537,0.003813883,0.002677376,0.003322259,0.001975309,0.003084833,0.005838967,0,0.003959525,0.002526993,0.009756098,0.005568182,0.006306208,0.003886325,0.00199778,0.010083629,0.010484928,0.010624666,0.008321513,0.00997509,0.01888724,0.012010136,0.020955924,0.003641351,0.02334068,0.014011092,0.012984604,0.006010138,0.008575315,0.005199462,0.006614768,0.009082063,0.004257584,0,0.002904444,0.002603844
11/12/2021,0.019735572,0.002947939,0.038381007,0.000922084,0.013241724,0.001108238,0.004587156,0,0,0,0.002994012,0,0,0,0,0.000873744,0.001769912,0.00082713,0.001944444,0.002682657,0.000456621,0.001246883,0.002754821,0,0.00097561,0,0,0.00336091,0.005544625,0.003785011,0.002649884,0.00331675,0.001900238,0.002978407,0.005778589,0,0.004081633,0.002428256,0.009655172,0.005568182,0.006148187,0.003707995,0.001907487,0.010117732,0.010210593,0.010687381,0.008524712,0.010139472,0.019057351,0.01207754,0.021153918,0.003603437,0.023244278,0.014274549,0.01313124,0.006178772,0.008292822,0.005425889,0.006742557,0.008840709,0.004316364,0,0.002839296,0.002615311
12/12/2021,0.019692474,0.002786913,0.038426695,0.0008726,0.012548834,0.00108972,0.004347826,0,0,0,0.002873563,0,0,0,0,0.000866176,0.001737116,0.000810373,0.001942017,0.002604965,0.000448029,0.001179245,0.00270636,0,0.000960615,0,0,0.003262233,0.005482844,0.003742515,0.002618658,0.003212851,0.001798022,0.003655862,0.005702281,0,0.004062839,0.002427184,0.009476534,0.005485464,0.005963303,0.003770237,0.001907487,0.010188063,0.010010428,0.010614468,0.008516319,0.010294309,0.019250382,0.012077614,0.021570223,0.003768103,0.023575501,0.014336047,0.013068202,0.006083203,0.008412198,0.005378123,0.006976545,0.008944087,0.00419989,0,0.002780868,0.002514286
13/12/2021,0.019645694,0.002692572,0.038487583,0.001212121,0.012251503,0.00108972,0.004310345,0,0,0,0.002525253,0,0,0,0,0.000860585,0.001680672,0.000779423,0.001937448,0.002529762,0.000437063,0.001092896,0.003851091,0,0.00094697,0,0,0.00311975,0.005272109,0.003720238,0.002593193,0.0032,0.001709402,0.003566334,0.005500869,0,0.003856537,0.002319207,0.009368726,0.005924301,0.005788068,0.003637142,0.001786056,0.010236404,0.009844135,0.010639885,0.008776318,0.010538477,0.019571414,0.012144054,0.022149362,0.003705688,0.023762582,0.014347948,0.013210085,0.005571031,0.008525469,0.005413151,0.007133865,0.009045226,0.004122634,0,0.002703433,0.002429329
14/12/2021,0.019612435,0.00288199,0.03853017,0.001049318,0.01200589,0.001078943,0.004098361,0,0,0,0.00244798,0,0,0,0,0.000849979,0.003307607,0.000743494,0.001934503,0.002447804,0.000428633,0.001038422,0.003787879,0,0.000927644,0,0,0.003031716,0.005212712,0.003679176,0.00258565,0.00311284,0.001618559,0.003499767,0.00527192,0,0.003758943,0.002252252,0.009236859,0.005810825,0.005766181,0.003492911,0.001869272,0.010286401,0.009957326,0.010787172,0.008963156,0.010801622,0.019760236,0.012178237,0.022918919,0.003795904,0.023811961,0.014535687,0.012902139,0.005559541,0.008469292,0.005603746,0.007335366,0.009423313,0.004113421,0,0.002644104,0.00245963
15/12/2021,0.019598489,0.002788193,0.038558736,0.002016807,0.011693326,0.001068757,0.004098361,0,0,0,0.002306805,0,0,0,0,0.000835422,0.003248511,0.000716332,0.001930236,0.002346446,0.00042123,0.00098912,0.003554502,0,0.000912409,0,0,0.002943174,0.005114668,0.003654971,0.002563281,0.00310559,0.001549787,0.003408316,0.00518559,0,0.003911343,0.002179081,0.009184109,0.00577911,0.00579331,0.003317721,0.001952663,0.010363341,0.009855189,0.01085975,0.009168595,0.011015597,0.020023318,0.012180867,0.023641421,0.003843802,0.024088279,0.014608492,0.013353067,0.005404492,0.008971774,0.005677149,0.007526665,0.009434866,0.004040404,0,0.002610285,0.002387874
16/12/2021,0.01931277,0.002826855,0.038584523,0.001814882,0.011426108,0.00105578,0.004098361,0,0,0,0.002079002,0,0,0,0,0.00082713,0.003211991,0.000660939,0.001925193,0.002267574,0.00042123,0.000967118,0.003416856,0,0.000900495,0,0,0.002842151,0.005045573,0.003623188,0.002523659,0.0030326,0.00150075,0.003328156,0.005204267,0,0.004102564,0.002125193,0.00903931,0.005686605,0.005681302,0.003204524,0.002024747,0.010401976,0.009759012,0.007717697,0.009417278,0.011246965,0.020192819,0.012190362,0.024023073,0.003887017,0.024389432,0.01484366,0.013426268,0.005182746,0.009003278,0.005793743,0.007784265,0.009394279,0.003923658,0,0.002594034,0.00231272
17/12/2021,0.019299986,0.002941176,0.038602431,0.001814882,0.01119206,0.001047486,0.004098361,0,0,0,0.002079002,0,0,0,0,0.00082713,0.003211991,0.000660939,0.001918597,0.002192982,0.00042123,0.000967118,0.003416856,0,0.000900495,0,0,0.002842151,0.005134788,0.003623188,0.002523659,0.0030326,0.001475108,0.003328156,0.005204267,0,0.003930131,0.002081362,0.00903931,0.005846122,0.005531218,0.003057554,0.001989568,0.010481012,0.009759012,0.007793077,0.009622567,0.011440093,0.020459712,0.012225512,0.024387698,0.003972322,0.02455078,0.015109314,0.01359583,0.005463099,0.009175184,0.005667506,0.007938052,0.00933303,0.004006447,0,0.002594034,0.00234627
18/12/2021,0.019222383,0.002782125,0.038522852,0.001707456,0.010968543,0.001036807,0.004032258,0,0,0,0.003118503,0,0.000817661,0,0,0.000814996,0.003070624,0.000634518,0.001912568,0.002124734,0.000413736,0.000938527,0.003208556,0,0.000874126,0,0,0.002727654,0.005054494,0.003610108,0.002486789,0.002956393,0.001412429,0.003265839,0.005297679,0,0.003813963,0.002220577,0.008864152,0.005846122,0.005689655,0.002938634,0.001915907,0.010526862,0.009681881,0.007819247,0.009789059,0.011655332,0.020682523,0.012294377,0.024898688,0.004095938,0.024861338,0.015447063,0.013651563,0.005243991,0.009338881,0.005493015,0.008223055,0.009269162,0.00407703,0,0.002546473,0.002270792
19/12/2021,0.019160856,0.002744889,0.038548973,0.001526329,0.010808606,0.00102494,0.003921569,0,0,0,0.002952756,0,0.000797448,0,0,0.000806452,0.002968827,0.00058309,0.001901916,0.002068127,0.000403877,0.000904568,0.003184713,0,0.000849257,0,0,0.002625202,0.004957397,0.00349406,0.002458513,0.002911208,0.001354708,0.003216123,0.005364545,0,0.003646308,0.002177068,0.008692137,0.005703809,0.005672507,0.002819237,0.002163958,0.010587096,0.00958529,0.007859884,0.010033589,0.011846345,0.020696948,0.012333913,0.025151042,0.004267247,0.025091344,0.015268026,0.013686733,0.00517893,0.009359672,0.005643415,0.008543149,0.009183096,0.003852301,0,0.002513826,0.002364737
20/12/2021,0.019123674,0.002574843,0.038596385,0.001490313,0.01075485,0.001010271,0.003875969,0,0,0,0.002808989,0,0.000791139,0,0,0.000801282,0.002905569,0.000540249,0.001896505,0.002016129,0.000398883,0.000804182,0.003089598,0,0.000833333,0,0,0.002500481,0.005022067,0.003436426,0.002436054,0.002859185,0.001320713,0.003546839,0.005324298,0,0.003597822,0.002495989,0.008294753,0.005703809,0.005671617,0.00306254,0.002255752,0.010636717,0.009492445,0.007761631,0.010237161,0.012136483,0.020899351,0.012287438,0.025662586,0.004301787,0.025164674,0.01517211,0.013611217,0.005397448,0.009553442,0.005652621,0.008808616,0.008967657,0.003863135,0,0.002969562,0.002377556
21/12/2021,0.019084086,0.00270514,0.038625815,0.00140812,0.010575212,0.000995025,0.003759398,0,0,0,0.002654867,0,0.000777001,0,0,0.000787092,0.002795899,0.000514933,0.001889849,0.00196896,0.000392465,0.000728332,0.002991027,0,0.000810701,0,0,0.002338129,0.004907793,0.003403676,0.00241838,0.002783577,0.001269036,0.0034588,0.005254741,0,0.003547092,0.00249199,0.008398549,0.00592548,0.005650834,0.003251781,0.002299885,0.010683606,0.009595087,0.008147558,0.010383252,0.012330689,0.021048401,0.012322809,0.025448602,0.004520648,0.025328449,0.015419864,0.013644165,0.005602849,0.009693398,0.005668722,0.009061678,0.009069729,0.003783663,0,0.002892263,0.002490775
22/12/2021,0.019017321,0.00272359,0.038628196,0.001273885,0.010399456,0.000978793,0.003649635,0,0,0,0.002459016,0,0.000760456,0,0,0.000775194,0.002717391,0.000481696,0.001882226,0.001914414,0.000382409,0.000665115,0.002898551,0,0.000793336,0,0,0.002258513,0.004821037,0.003403676,0.00239306,0.002684564,0.001223616,0.0034,0.005031722,0,0.003703035,0.002414626,0.008196721,0.005851375,0.005478088,0.003109729,0.002342738,0.010740252,0.009494873,0.008226,0.010521481,0.012296579,0.021111223,0.012384308,0.026128894,0.00470806,0.02567241,0.01562725,0.013662962,0.005576841,0.00968513,0.005794302,0.009332997,0.009023226,0.003800931,0,0.002843602,0.0025038
23/12/2021,0.019000069,0.002728995,0.038635183,0.00120919,0.010301412,0.000962001,0.003144654,0,0,0,0.002386635,0,0.000726744,0,0,0.001140251,0.002661934,0.000448029,0.001873662,0.001866901,0.000373972,0.000610687,0.002806361,0,0.000768049,0,0,0.002144507,0.004719005,0.003335557,0.002366864,0.002539683,0.00117624,0.003532182,0.005103126,0,0.003784295,0.002508361,0.007997092,0.005799903,0.005538828,0.003380364,0.002488429,0.010801447,0.009386146,0.008345757,0.010561492,0.012672991,0.021430002,0.012519642,0.02676908,0.005040683,0.025976046,0.015805623,0.013722644,0.005475215,0.009793383,0.00573267,0.009448426,0.008975318,0.003922505,0,0.003040936,0.002893722
24/12/2021,0.018956339,0.002728844,0.038652587,0.00140534,0.010165663,0.000948917,0.00304878,0,0,0,0.003098373,0,0.000712758,0,0,0.001115242,0.002544529,0.000429185,0.00186592,0.001809473,0.000367782,0.000560067,0.002685765,0,0.000733945,0,0,0.002068088,0.004643309,0.003255208,0.002337131,0.002430134,0.001131969,0.003447615,0.005007302,0,0.004108463,0.002420917,0.007514944,0.005656109,0.005526259,0.003412484,0.002582824,0.010835892,0.009669022,0.008375861,0.01068621,0.012844322,0.021515318,0.012600692,0.027157377,0.005126399,0.026323124,0.015926148,0.013782378,0.006077143,0.010005003,0.005831399,0.009587593,0.008954072,0.003914916,0,0.00298576,0.003048249
25/12/2021,0.018922286,0.002725186,0.038654172,0.001294858,0.009967697,0.000933562,0.002739726,0,0,0,0.003098373,0,0.000678887,0,0,0.00109569,0.00244998,0.000397931,0.001850873,0.001762206,0.000353607,0.000520562,0.002599653,0,0.000702247,0,0,0.002018947,0.004582061,0.003255208,0.002315485,0.002218525,0.001091306,0.003386005,0.004958678,0,0.003981843,0.002357749,0.007607078,0.005844646,0.00547772,0.003308519,0.002579365,0.01089393,0.009610054,0.008433838,0.010702992,0.013221738,0.0215883,0.012676405,0.027482923,0.005222235,0.02661189,0.016223005,0.013843562,0.006026566,0.010051374,0.005980139,0.00980837,0.008860569,0.004033411,0,0.002949853,0.003282937
26/12/2021,0.018873187,0.002664636,0.038676086,0.001233915,0.009860312,0.00091645,0.002570694,0,0,0,0.003770739,0,0.000660939,0,0,0.001075269,0.002350176,0.000379795,0.001841136,0.001714747,0.000340483,0.000490196,0.002542373,0,0.000679348,0,0,0.001917404,0.004482478,0.003221649,0.002271437,0.002172732,0.001055316,0.003300935,0.005034233,0,0.004042824,0.002316602,0.007769879,0.005699577,0.005403187,0.003197016,0.002574257,0.010916308,0.009541284,0.008548568,0.010793395,0.013358798,0.02162647,0.012727405,0.028057897,0.005268015,0.026995664,0.016509189,0.013742864,0.006244461,0.010197831,0.006064152,0.00998963,0.008737181,0.004178881,0,0.002897905,0.003271068
27/12/2021,0.018837924,0.0025306,0.038680679,0.001059964,0.009783495,0.000899685,0.00243309,0,0,0,0.003770739,0,0.000636132,0,0,0.001056338,0.00227445,0.000365497,0.001831502,0.001660156,0.000340483,0.000463607,0.00244898,0,0.000661813,0,0,0.001849481,0.004560698,0.003180662,0.002262443,0.002111932,0.001021103,0.003423423,0.004838398,0,0.003968827,0.002268946,0.007628632,0.005721032,0.00536077,0.003088803,0.00257044,0.011027094,0.009444243,0.008630841,0.010853024,0.013524789,0.021627137,0.012538212,0.028564206,0.005655763,0.027341849,0.016805856,0.013774035,0.006493248,0.010299201,0.0060487,0.01035914,0.00876621,0.004338595,0,0.002835951,0.003253425
28/12/2021,0.01880336,0.002681691,0.038686669,0.001110957,0.009665294,0.000881187,0.002197802,0,0,0,0.00433213,0,0.000617284,0,0,0.001035554,0.002193784,0.0003427,0.001821257,0.001592655,0.000312793,0.000443557,0.002352941,0,0.000643708,0,0,0.001762234,0.004512875,0.003164557,0.002247822,0.002054443,0.000990589,0.00337358,0.004710759,0,0.003847768,0.00222585,0.007772021,0.005690029,0.005255815,0.002950215,0.002764886,0.011053947,0.009364308,0.008739298,0.010888502,0.013641274,0.021795318,0.012687727,0.02889538,0.005655763,0.027640015,0.017071592,0.013811124,0.006752731,0.010489274,0.006071859,0.010686815,0.008650457,0.004436557,0,0.002807169,0.003566879
29/12/2021,0.018793812,0.002829388,0.03870625,0.001070521,0.009600141,0.00085923,0.002164502,0,0,0,0.00433213,0,0.000597372,0,0,0.001017639,0.002117896,0.000325098,0.001802266,0.00164579,0.000312793,0.000420345,0.002260739,0,0.000626566,0,0,0.001714361,0.004460771,0.003136763,0.002227792,0.001939864,0.000959693,0.003376097,0.004607446,0,0.003802798,0.00218436,0.007140775,0.005759858,0.005282136,0.002829521,0.002757398,0.011101052,0.009269162,0.008776905,0.010938422,0.013837279,0.02186267,0.012860691,0.02961482,0.006064073,0.027912986,0.017337126,0.014086603,0.006728143,0.010633061,0.006118924,0.010614563,0.008611072,0.00485971,0,0.002736266,0.003695305
30/12/2021,0.018738099,0.003003749,0.038658873,0.001082902,0.009446226,0.000839983,0.001923077,0,0,0,0.004704301,0,0.000580046,0,0,0.000982962,0.002048481,0.000308547,0.001791656,0.001603421,0.000286041,0.000402495,0.002183406,0,0.000607165,0,0,0.001673748,0.004389929,0.003136763,0.002219756,0.001884126,0.00502202,0.00324728,0.004490749,0,0.003649159,0.002136144,0.007551391,0.005812929,0.005153685,0.00279049,0.002705525,0.011166206,0.009175931,0.008826078,0.011054025,0.013814589,0.022131351,0.013030435,0.02987017,0.006439394,0.028161864,0.017655961,0.014381049,0.007029808,0.010915414,0.006188831,0.010953565,0.008449744,0.004508936,0,0.00267986,0.003814262
31/12/2021,0.018689995,0.003030828,0.038669555,0.001019137,0.009321816,0.000822707,0.001769912,0,0,0,0.004596192,0,0.000567537,0,0,0.000972447,0.001992693,0.000294464,0.001772376,0.001565354,0.000283688,0.000383877,0.002039429,0,0.000585995,0,0,0.001637073,0.004329004,0.003084516,0.002197802,0.001884126,0.004870008,0.003143666,0.004512322,0,0.003562277,0.00237099,0.007551391,0.005773268,0.005330844,0.002820568,0.002945041,0.011206814,0.009100455,0.008813014,0.011115828,0.013973567,0.022171084,0.013201619,0.030182075,0.006590841,0.02828175,0.017993311,0.014644761,0.006929926,0.011015341,0.006163904,0.011241952,0.008530996,0.004514433,0,0.002625732,0.004243166
,,,,,,,,,,,,,,,,,,,,,,,,,,,,,,,,,,,,,,,,,,,,,,,,,,,,,,,,,,,,,,,,
,,,,,,,,,,,,,,,,,,,,,,,,,,,,,,,,,,,,,,,,,,,,,,,,,,,,,,,,,,,,,,,,
,,,,,,,,,,,,,,,,,,,,,,,,,,,,,,,,,,,,,,,,,,,,,,,,,,,,,,,,,,,,,,,,
,,,,,,,,,,,,,,,,,,,,,,,,,,,,,,,,,,,,,,,,,,,,,,,,,,,,,,,,,,,,,,,,
,,,,,,,,,,,,,,,,,,,,,,,,,,,,,,,,,,,,,,,,,,,,,,,,,,,,,,,,,,,,,,,,
,,,,,,,,,,,,,,,,,,,,,,,,,,,,,,,,,,,,,,,,,,,,,,,,,,,,,,,,,,,,,,,,
,,,,,,,,,,,,,,,,,,,,,,,,,,,,,,,,,,,,,,,,,,,,,,,,,,,,,,,,,,,,,,,,
,,,,,,,,,,,,,,,,,,,,,,,,,,,,,,,,,,,,,,,,,,,,,,,,,,,,,,,,,,,,,,,,
,,,,,,,,,,,,,,,,,,,,,,,,,,,,,,,,,,,,,,,,,,,,,,,,,,,,,,,,,,,,,,,,
,,,,,,,,,,,,,,,,,,,,,,,,,,,,,,,,,,,,,,,,,,,,,,,,,,,,,,,,,,,,,,,,
,,,,,,,,,,,,,,,,,,,,,,,,,,,,,,,,,,,,,,,,,,,,,,,,,,,,,,,,,,,,,,,,
,,,,1,HaNoi,,,,,,,,,,,,,,,,,,,,,,,,,,,,,,,,,,,,,,,,,,,,,,,,,,,,,,,,,,,
,,,,2,TPHoChiMinh,,,,,,,,,,,,,,,,,,,,,,,,,,,,,,,,,,,,,,,,,,,,,,,,,,,,,,,,,,,
,,,,3,HaiPhong,,,,,,,,,,,,,,,,,,,,,,,,,,,,,,,,,,,,,,,,,,,,,,,,,,,,,,,,,,,
,,,,4,DaNang,,,,,,,,,,,,,,,,,,,,,,,,,,,,,,,,,,,,,,,,,,,,,,,,,,,,,,,,,,,
,,,,5,HaGiang,,,,,,,,,,,,,,,,,,,,,,,,,,,,,,,,,,,,,,,,,,,,,,,,,,,,,,,,,,,
,,,,6,CaoBang,,,,,,,,,,,,,,,,,,,,,,,,,,,,,,,,,,,,,,,,,,,,,,,,,,,,,,,,,,,
,,,,7,LaiChau,,,,,,,,,,,,,,,,,,,,,,,,,,,,,,,,,,,,,,,,,,,,,,,,,,,,,,,,,,,
,,,,8,LaoCai,,,,,,,,,,,,,,,,,,,,,,,,,,,,,,,,,,,,,,,,,,,,,,,,,,,,,,,,,,,
,,,,9,TuyenQuang,,,,,,,,,,,,,,,,,,,,,,,,,,,,,,,,,,,,,,,,,,,,,,,,,,,,,,,,,,,
,,,,10,LangSon,,,,,,,,,,,,,,,,,,,,,,,,,,,,,,,,,,,,,,,,,,,,,,,,,,,,,,,,,,,
,,,,11,BacKan,,,,,,,,,,,,,,,,,,,,,,,,,,,,,,,,,,,,,,,,,,,,,,,,,,,,,,,,,,,
,,,,12,ThaiNguyen,,,,,,,,,,,,,,,,,,,,,,,,,,,,,,,,,,,,,,,,,,,,,,,,,,,,,,,,,,,
,,,,13,YenBai,,,,,,,,,,,,,,,,,,,,,,,,,,,,,,,,,,,,,,,,,,,,,,,,,,,,,,,,,,,
,,,,14,SonLa,,,,,,,,,,,,,,,,,,,,,,,,,,,,,,,,,,,,,,,,,,,,,,,,,,,,,,,,,,,
,,,,15,PhuTho,,,,,,,,,,,,,,,,,,,,,,,,,,,,,,,,,,,,,,,,,,,,,,,,,,,,,,,,,,,
,,,,16,VinhPhuc,,,,,,,,,,,,,,,,,,,,,,,,,,,,,,,,,,,,,,,,,,,,,,,,,,,,,,,,,,,
,,,,17,QuangNinh,,,,,,,,,,,,,,,,,,,,,,,,,,,,,,,,,,,,,,,,,,,,,,,,,,,,,,,,,,,
,,,,18,BacGiang,,,,,,,,,,,,,,,,,,,,,,,,,,,,,,,,,,,,,,,,,,,,,,,,,,,,,,,,,,,
,,,,19,BacNinh,,,,,,,,,,,,,,,,,,,,,,,,,,,,,,,,,,,,,,,,,,,,,,,,,,,,,,,,,,,
,,,,21,HaGiang,,,,,,,,,,,,,,,,,,,,,,,,,,,,,,,,,,,,,,,,,,,,,,,,,,,,,,,,,,,
,,,,22,HungYen,,,,,,,,,,,,,,,,,,,,,,,,,,,,,,,,,,,,,,,,,,,,,,,,,,,,,,,,,,,
,,,,23,HoaBinh,,,,,,,,,,,,,,,,,,,,,,,,,,,,,,,,,,,,,,,,,,,,,,,,,,,,,,,,,,,
,,,,24,HaNam,,,,,,,,,,,,,,,,,,,,,,,,,,,,,,,,,,,,,,,,,,,,,,,,,,,,,,,,,,,
,,,,25,NamDinh,,,,,,,,,,,,,,,,,,,,,,,,,,,,,,,,,,,,,,,,,,,,,,,,,,,,,,,,,,,
,,,,26,ThaiBinh,,,,,,,,,,,,,,,,,,,,,,,,,,,,,,,,,,,,,,,,,,,,,,,,,,,,,,,,,,,
,,,,27,NinhBinh,,,,,,,,,,,,,,,,,,,,,,,,,,,,,,,,,,,,,,,,,,,,,,,,,,,,,,,,,,,
,,,,28,ThanhHoa,,,,,,,,,,,,,,,,,,,,,,,,,,,,,,,,,,,,,,,,,,,,,,,,,,,,,,,,,,,
,,,,29,NgheAn,,,,,,,,,,,,,,,,,,,,,,,,,,,,,,,,,,,,,,,,,,,,,,,,,,,,,,,,,,,
,,,,30,HaTinh,,,,,,,,,,,,,,,,,,,,,,,,,,,,,,,,,,,,,,,,,,,,,,,,,,,,,,,,,,,
,,,,31,QuangBinh,,,,,,,,,,,,,,,,,,,,,,,,,,,,,,,,,,,,,,,,,,,,,,,,,,,,,,,,,,,
,,,,32,QuangTri,,,,,,,,,,,,,,,,,,,,,,,,,,,,,,,,,,,,,,,,,,,,,,,,,,,,,,,,,,,
,,,,33,ThuaThienHue,,,,,,,,,,,,,,,,,,,,,,,,,,,,,,,,,,,,,,,,,,,,,,,,,,,,,,,,,,,
,,,,34,QuangNam,,,,,,,,,,,,,,,,,,,,,,,,,,,,,,,,,,,,,,,,,,,,,,,,,,,,,,,,,,,
,,,,35,QuangNgai,,,,,,,,,,,,,,,,,,,,,,,,,,,,,,,,,,,,,,,,,,,,,,,,,,,,,,,,,,,
,,,,36,KonTum,,,,,,,,,,,,,,,,,,,,,,,,,,,,,,,,,,,,,,,,,,,,,,,,,,,,,,,,,,,
,,,,37,BinhDinh,,,,,,,,,,,,,,,,,,,,,,,,,,,,,,,,,,,,,,,,,,,,,,,,,,,,,,,,,,,
,,,,38,GiaLai,,,,,,,,,,,,,,,,,,,,,,,,,,,,,,,,,,,,,,,,,,,,,,,,,,,,,,,,,,,
,,,,39,PhuYen,,,,,,,,,,,,,,,,,,,,,,,,,,,,,,,,,,,,,,,,,,,,,,,,,,,,,,,,,,,
,,,,40,DakLak,,,,,,,,,,,,,,,,,,,,,,,,,,,,,,,,,,,,,,,,,,,,,,,,,,,,,,,,,,,
,,,,41,KhanhHoa,,,,,,,,,,,,,,,,,,,,,,,,,,,,,,,,,,,,,,,,,,,,,,,,,,,,,,,,,,,
,,,,42,LamDong,,,,,,,,,,,,,,,,,,,,,,,,,,,,,,,,,,,,,,,,,,,,,,,,,,,,,,,,,,,
,,,,43,BinhPhuoc,,,,,,,,,,,,,,,,,,,,,,,,,,,,,,,,,,,,,,,,,,,,,,,,,,,,,,,,,,,
,,,,44,BinhDuong,,,,,,,,,,,,,,,,,,,,,,,,,,,,,,,,,,,,,,,,,,,,,,,,,,,,,,,,,,,
,,,,45,NinhThuan,,,,,,,,,,,,,,,,,,,,,,,,,,,,,,,,,,,,,,,,,,,,,,,,,,,,,,,,,,,
,,,,46,TayNinh,,,,,,,,,,,,,,,,,,,,,,,,,,,,,,,,,,,,,,,,,,,,,,,,,,,,,,,,,,,
,,,,47,BinhThuan,,,,,,,,,,,,,,,,,,,,,,,,,,,,,,,,,,,,,,,,,,,,,,,,,,,,,,,,,,,
,,,,48,QuangNgai,,,,,,,,,,,,,,,,,,,,,,,,,,,,,,,,,,,,,,,,,,,,,,,,,,,,,,,,,,,
,,,,49,LongAn,,,,,,,,,,,,,,,,,,,,,,,,,,,,,,,,,,,,,,,,,,,,,,,,,,,,,,,,,,,
,,,,50,DongThap,,,,,,,,,,,,,,,,,,,,,,,,,,,,,,,,,,,,,,,,,,,,,,,,,,,,,,,,,,,
,,,,51,AnGiang,,,,,,,,,,,,,,,,,,,,,,,,,,,,,,,,,,,,,,,,,,,,,,,,,,,,,,,,,,,
,,,,52,BaRiaVungTau,,,,,,,,,,,,,,,,,,,,,,,,,,,,,,,,,,,,,,,,,,,,,,,,,,,,,,,,,,,
,,,,53,TienGian,,,,,,,,,,,,,,,,,,,,,,,,,,,,,,,,,,,,,,,,,,,,,,,,,,,,,,,,,,,
,,,,54,KienGian,,,,,,,,,,,,,,,,,,,,,,,,,,,,,,,,,,,,,,,,,,,,,,,,,,,,,,,,,,,
,,,,55,CanTho,,,,,,,,,,,,,,,,,,,,,,,,,,,,,,,,,,,,,,,,,,,,,,,,,,,,,,,,,,,
,,,,56,BenTre,,,,,,,,,,,,,,,,,,,,,,,,,,,,,,,,,,,,,,,,,,,,,,,,,,,,,,,,,,,
,,,,57,VinhLong,,,,,,,,,,,,,,,,,,,,,,,,,,,,,,,,,,,,,,,,,,,,,,,,,,,,,,,,,,,
,,,,58,TraVinh,,,,,,,,,,,,,,,,,,,,,,,,,,,,,,,,,,,,,,,,,,,,,,,,,,,,,,,,,,,
,,,,59,SocTrang,,,,,,,,,,,,,,,,,,,,,,,,,,,,,,,,,,,,,,,,,,,,,,,,,,,,,,,,,,,
,,,,60,BacLieu,,,,,,,,,,,,,,,,,,,,,,,,,,,,,,,,,,,,,,,,,,,,,,,,,,,,,,,,,,,
,,,,61,CaMau,,,,,,,,,,,,,,,,,,,,,,,,,,,,,,,,,,,,,,,,,,,,,,,,,,,,,,,,,,,
,,,,62,DienBien,,,,,,,,,,,,,,,,,,,,,,,,,,,,,,,,,,,,,,,,,,,,,,,,,,,,,,,,,,,
,,,,63,DakNong,,,,,,,,,,,,,,,,,,,,,,,,,,,,,,,,,,,,,,,,,,,,,,,,,,,,,,,,,,,
,,,,64,HauGiang,,,,,,,,,,,,,,,,,,,,,,,,,,,,,,,,,,,,,,,,,,,,,,,,,,,,,,,,,,,
